Question,Choice1,Choice2,Choice3,Answer,Difficulty,Sort,,,,,,,
어떤 사람이 보더라도 같은 의미로 통할 수 있는 그림으로 된 언어체계를 가리키는 말은?,픽토그램,인스타그램,이 문제는 맞히지그램,1,2,◇시사/상식◇,,,,,,,
잘게 다진 문어가 들어간 공 모양의 빵으로 일본의 대표 간식은?,오코노미야키,야키니쿠,타코야키,3,2,◇시사/상식◇,,,1,2,3,4,5
50m 달리기 대회에 출전한 마츠리는 막 3등을 추월했다. 마츠리는 지금 몇 등일까?,1등,2등,3등,3,2,◆IQ테스트◆,,,500원,1000원,2000원,5000원,전액
조선시대 진경산수화를 창안하고 완성한 화가는?,정선,장승업,신윤복,1,4,★역사★,,,,,,,
"테니스에서 0점은 러브, 1점은 피프틴이라고 한다. 그렇다면 2점은 뭐라고 할까?",서티,포티,듀스,3,3,※스포츠※,,,,,,,
신라의 학자 최치원이 '이곳' 절경에 반해 돌에 자신의 호를 새겨 넣은데서 이름이 붙여진 부산의 명소는?,해운대,범어사,감천문화마을,1,4,★역사★,,,,,,,
노래'스승의 은혜'의 맨 마지막 구절의 가사로 올바른 것은?,아아 보답하리 스승의 은혜,아아 고마워라 스승의 은혜,아아 보답하리 스승의 사랑,1,5,◇시사/상식◇,,,,,◆IQ테스트◆,,
"전화를 이용하는 뱅킹 서비스로, ARS를 통해 안내를 듣고 서비스코드를 누르는 방식은?",펌뱅킹,텔레뱅킹,인터넷뱅킹,2,2,◇시사/상식◇,,,,,◇시사/상식◇,,
피클(Pickle)은 무엇을 뜻할까?,절인 음식,발효 식품,곁들임 음식,1,2,◇시사/상식◇,,,,,♥연애♥,,
우리나라에서 운행됐던 열차의 이름이 아닌 것은?,통일호,진달래호,비둘기호,2,3,◇시사/상식◇,,,,,※스포츠※,,
5월 15일 스승의 날은 누구의 생일일까?,세종대왕,흥선대원군,광개토대왕,1,4,★역사★,,,,,★역사★,,
다음중 세계 3대 박물관의 이름과 위치한 나라가 잘못 짝지어진 것은?,영국 - 대영 박물관,미국 - 뉴욕 주립박물관,프랑스 - 루브르 박물관,2,3,◇시사/상식◇,,,,,§넌센스퀴즈§,,
"사물, 사건, 사람 등의 특징을 잡아 희극적으로 풍자한 글이나 그림 또는 그런 표현법은?",캐리커처,스노우,포토샵,1,2,◇시사/상식◇,,,,,☆특급난이도☆,,
"관직 없이 한가롭게 사는 이', '돈 잘쓰고 잘 노는 이'를 비유적으로 이르는 이 말은?",백수,한량,우리오빠,2,1,◇참쉽죠?◇,,,,,◇참쉽죠?◇,,
게임 <슈퍼마리오>에서 마리오의 직업은?,자동차 정비사,정원사,배관공,3,3,◇시사/상식◇,,,,,,,
게맛살의 주원료는?,명태,꽃게,오징어,1,4,◇시사/상식◇,,,,,,,
아이돌 그룹 EXO의 노래 <으르렁>에서 '으르렁'이라는 가사는 몇 번 나오는가?,3번,36번,63번,2,5,♥연애♥,,,,,,,
빛의 3원색은 뭘까요~~?,"빨강, 초록, 파랑","노랑, 초록, 파랑","빨강, 노랑, 파랑",1,3,◇시사/상식◇,,,,,,,
요즘 각종 상품 등에 자주 사용되는 '나노'의 어원은?,개미,난쟁이,먼지,2,3,◇시사/상식◇,,,,,,,
알라딘의 요술 램프'의 알라딘은 어느나라 사람일까?,중국,태국,아랍,1,2,◇시사/상식◇,,,,,,,
남자 아이돌 3대 인기그룹 'EBS'에 속하지 않는 팀은?,EXO,BTS,송골매,3,1,◇시사/상식◇,,,,,,,
"<직찍, 망원렌즈, 통장> 에서 공통적으로 연상되는 것은?",물총,대포,로켓,2,2,◇시사/상식◇,,,,,,,
다음중 리더가 없는 그룹은?,슈퍼주니어,트와이스,블랙핑크,3,3,◇시사/상식◇,,,,,,,
다음중 원곡이 여성 그룹의 곡인것은?,레드벨벳<비내츄럴>,소녀시대<소녀시대>,빅뱅<붉은 노을>,1,3,◇시사/상식◇,,,,,,,
시상식에 전통적으로 '빨간색'카펫을 깔게 된 이유는?,행운의 색이라서,가장 비싸서,때가 잘 안타서,2,3,◇시사/상식◇,,,,,,,
"1억을 숫자로 쓸 때 찍는 쉼표(,)의 개수는?",2개,3개,4개,1,3,◇시사/상식◇,,,,,,,
이온음료 '포카리스웨트'에는 어떤 과실즙이 들어갈까?,레몬,자몽,복숭아,2,3,◇시사/상식◇,,,,,,,
국내에는 '수플OOO팔랑나비'가 있다. 다음 중 빈칸에 들어갈 알맞은 말은?,떠들썩,화들짝,후다닥,1,5,◇시사/상식◇,,,,,,,
"삼국지에서 유비, 관우, 장비가 '도원결의'를 맺은 장소는?",복숭아 밭,아이스크림 가게,단체 채팅방,1,1,◇시사/상식◇,,,,,,,
2018년의 마지막 날짜는 언제일까요?,12월30일,12월31일,12월32일,2,2,◇시사/상식◇,,,,,,,
세안 후 피부결을 정돈해주는 화장품 토너는 주로 '이것'으로 불린다. 무엇일까?,스킨,로션,크림,1,2,◇시사/상식◇,,,,,,,
베스킨라빈스에서 제품 구매 시 적립 가능한 포인트의 명칭은?,해피포인트,배라포인트,핑크포인트,1,1,◇시사/상식◇,,,,,,,
다음 중 '술래'가 없는 놀이는?,숨바꼭질,가위바위보,무궁화 꽃이 피었습니다,2,2,◇시사/상식◇,,,,,,,
다음 중 인도네시아에서 한글을 표기 문자로 채택한 민족은?,치르치르족,바우바우족,찌아찌아족,3,5,◇시사/상식◇,,,,,,,
고려시대 가요<쌍화점>에서 '쌍화점'은?,술집,한약방,만두가게,3,4,◇시사/상식◇,,,,,,,
기성용 선수는 뉴캐슬에서 등번호 몇번을 받았을까?,4번,6번,16번,1,3,◇시사/상식◇,,,,,,,
다음 중 국내에서 종사자 수가 제일 많은 자영업 업종은 무엇일까?,커피숍,치킨집,편의점,3,3,◇시사/상식◇,,,,,,,
홍길동이 가난한 사람들을 구제하기 위햏 만든 것은?,홍치당,활빈당,골빈당,2,1,◇시사/상식◇,,,,,,,
"<따릉이, 페달로, 오포>는 무엇의 종류일까?",공공주택,공공화장실,공공자전거,3,3,◇시사/상식◇,,,,,,,
국내에서 드론으로 실제 우편물이 배달된 최초의 지역은?,독도,득량도,제주도,2,4,◇시사/상식◇,,,,,,,
닭은 다음 중 어디에 속할까?,닭과,꿩과,메추리과,2,5,◇시사/상식◇,,,,,,,
"일이 흐지부지 되었을 때 ""계획이 ( )나다""라고 한다. 빈칸은?",파토,파투,파호,2,4,◇시사/상식◇,,,,,,,
모기의 암컷이 흡혈에 이용하는 침은 몇 개 일까요~~?,1개,3개,6개,3,5,◇시사/상식◇,,,,,,,
에어컨 냉각수에 서식하며 '냉방병'을 유발하는 균은?,갈리오넬라,베일로넬라,레지오넬라,3,5,◇시사/상식◇,,,,,,,
"""산 위에서 부는 바람 서늘한 바람~"" 으로 시작되는 동요 제목은?",2번 선택 바람,산바람 강바람,2번 선택 바람,2,1,◇시사/상식◇,,,,,,,
얼굴을 가면으로 가린 괴신사가 프리마돈나를 사랑하게 되는 뮤지컬은?,오페라의 유령,오페라의 귀신,오페라의 좀비,1,2,◇시사/상식◇,,,,,,,
다음 중 공포영화가 아닌 것은?,장화홍련,여고괴담,클레멘타인,3,2,◇시사/상식◇,,,,,,,
태양계의 행성 중 외계 생물체가 있을 것으로 추정되는 이 행성은?,화성,금성,수성,1,2,◇시사/상식◇,,,,,,,
영어 'Cold case'가 의미하는 것은,감기약 봉지,미해결 사건,빙산의 일각,2,4,◇시사/상식◇,,,,,,,
지구가 태양 빛을 가려 달이 지구의 그림자 속으로 완전히 사라지는 현상은?,개기 일식,부분 월식,개기 월식,3,4,◇시사/상식◇,,,,,,,
아제르바이잔의 전통 목욕법은 '이것'으로 반신욕을 하는 것이다. 이것은?,석유,초콜릿,모래,1,4,◇시사/상식◇,,,,,,,
개기월식때 달이 붉게 보이는 현상은?,애플 문,블루 문,블러드 문,3,3,◇시사/상식◇,,,,,,,
"경상도 사투리 ""쌔빠지게 일하다""에서 ""쌔""는?",눈,코,혀,3,3,◇시사/상식◇,,,,,,,
국가 비상사태 시에 군사권을 발동하여 치안을 유지하는 대통령의 고유권한은?,계엄령,한계령,대관령,1,1,◇시사/상식◇,,,,,,,
식용유로 쓰이는 '카놀라유'는 무엇으로 만들까?,현미의 껍질,유채꽃의 씨앗,기름야자의 잎,2,3,◇시사/상식◇,,,,,,,
극지방에서 여름에 해가 지지 않는 것은 '백야'다. 겨울에 해가 뜨지 않는 것은?,흑야,극야,전야,2,3,◇시사/상식◇,,,,,,,
하하와 스컬이 속한 그룹의 새 팀명은?,야인,하스쿠나,레게 강 같은 평화,3,3,◇시사/상식◇,,,,,,,
반려동물 할 때 '반려'의 사전적 의미는?,평생 함께 할 동무,짝이 되는 동무,사랑하는 동무,2,3,◇시사/상식◇,,,,,,,
다음 중 철의 100배 강도를 가지고 있는 물질은?,물놀이 튜브,자전거 튜브,탄소 나노 튜브,3,3,◇시사/상식◇,,,,,,,
이것은 아이들을 벌 줄 때 쓰는 도구이다. 이것의 이름은?,회초리,주리,젓가락,1,2,◇시사/상식◇,,,,,,,
영어로 '그리스도 이전'을 뜻하는 'BC'를 우리말로 하면?,응원전,기원전,탈원전,2,1,◇시사/상식◇,,,,,,,
우리 몸에서 자외선을 차단하고 피부색을 결정하는 색소는?,트레오닌,페닐알라닌,멜라닌,3,4,◇시사/상식◇,,,,,,,
개의 품종 중 닥스훈트는 '이것 사냥'을 뜻하는 말이다. '이것'은?,오소리,더위,마녀,1,3,◇시사/상식◇,,,,,,,
다음 중 숫자는?,양세형,감호동,아승기,3,4,◇시사/상식◇,,,,,,,
프랑스 소설가 '베르나르 베르베르'의 작품이 아닌것은?,개미,고양이,나비,3,3,◇시사/상식◇,,,,,,,
다음 중 여행자들이 저렴한 가격으로 묵을 수 있는 숙박 시설은?,화이트하우스,게스트하우스,비닐하우스,2,2,◇시사/상식◇,,,,,,,
속담 '마른 OOO 날벼락' 빈칸에 알맞은 말은?,오징어,파이브,하늘에,3,1,◇시사/상식◇,,,,,,,
열기도 더해지고 끈적끈적해서 활동하기가 힘든 날은 무엇이 높을까?,불쾌지수,콧날,수준,1,1,◇시사/상식◇,,,,,,,
우리나라의 전통 음료로 계피를 달인 물에 꿀을 넣어 만드는 것은?,식혜,매실차,수정과,3,3,◇시사/상식◇,,,,,,,
현재 미혼 남성을 뜻하는 '총각'은 조선시대의 '이것'이었다. '이것'은?,옷,직업,헤어스타일,3,3,◇시사/상식◇,,,,,,,
미국에는 '( )'만을 치료하는 병원이 있다. 빈칸은?,술병,향수병,상사병,1,4,◇시사/상식◇,,,,,,,
자동차 번호판 가운데 한글은 무엇을 의미할까?,차량의 크기,차량의 용도,차량의 등록지역,2,4,◇시사/상식◇,,,,,,,
국내 최대규모의 해바라기 축제가 열리는 이곳은 어디일까?,곡성,부여,태백,3,3,◇시사/상식◇,,,,,,,
"링거주사를 맞고 나서, 혈관에 꽂혀있는 것은?",스테인리스 바늘,실리콘 튜브,둘 다 ,2,3,◇시사/상식◇,,,,,,,
다음 중 산에서 약수를 마실 수 있도록 만들어 둔 장소는?,약수터,구청 로비,땀샘,1,1,◇시사/상식◇,,,,,,,
주택이나 빌딩 건물 맨 꼭대기에 설치된 주거공간은?,반지하,옥탑방,찜질방,2,1,◇시사/상식◇,,,,,,,
다음 중 침대의 규격이 아닌 것은?,킹,퀸,프린스,3,2,◇시사/상식◇,,,,,,,
"불교에서 머리 3개, 팔 6개가 달린 모습으로 묘사되는 수호신은?",아수라,야차,옥황상제,1,3,◇시사/상식◇,,,,,,,
롤러코스터는 어떤 놀이에서 유래되었을까?,그네타기,미끄럼틀 타기,시소 타기,2,3,◇시사/상식◇,,,,,,,
그리스 신화 속 '판도라의 상자'는 원래 무엇이었을까?,금고,주머니,항아리,3,4,◇시사/상식◇,,,,,,,
다음 중 태풍과 더불어 세계 3대 강풍으로 꼽히는 게 아닌 것은?,허리케인,블리자드,사이클론,2,4,◇시사/상식◇,,,,,,,
"""좁쌀""이라는 뜻의 사명을 쓰는 중국 기업은?",샤이니,샤오미,샤샤샤,2,2,◇시사/상식◇,,,,,,,
다음 중 유재석이 출연한 적 없는 방송사는?,KBS,JTBC,tvN,3,3,◇시사/상식◇,,,,,,,
다음 중 유효기간이 없는 것은?,병원 처방전,주민등록증,항공사 마일리지,2,2,◇시사/상식◇,,,,,,,
KTX 이용시 일반식 좌석을 특실로 업그레이드 받을 수 있는 사람은?,임산부,수능 당일 수험생,기초생활 수급자,1,3,◇시사/상식◇,,,,,,,
다음 중 우리나라에서 실제로 존재하지 않는 전철 역명은?,야당역,노은역,대리역,3,4,◇시사/상식◇,,,,,,,
"설화 '견우와 직녀'에서 견우는 이것을 키우는 목동인데, 이것은 무엇일까?",개,소,양,2,4,◇시사/상식◇,,,,,,,
병원이나 의원 등에서 환자의 치료와 진료를 돕는 직업은,간호사,환자,보호자,1,2,◇시사/상식◇,,,,,,,
건강보험공단에서 국민의 질환 예방과 조기발견을 목적으로 실시하는 것은?,일반건강검진,구속수사,사회봉사명령,1,1,◇시사/상식◇,,,,,,,
다이어트 기간 동안 먹고 싶은 것을 참다가 마음껏 먹는 날은?,메이데이,니가먼데이,치팅데이,3,1,◇시사/상식◇,,,,,,,
아들과 딸을 1명씩 둔 사람은 '슬하 1남1녀'라고 한다. 슬하는?,무릎아래,허리아래,어깨아래,1,4,◇시사/상식◇,,,,,,,
음악 장르 '발라드'의 어원은?,말하다,춤추다,사랑하다,2,3,◇시사/상식◇,,,,,,,
다음 중 실제로 오를 수 없는 산은?,팔공산,맛동산,비슬산,2,1,◇시사/상식◇,,,,,,,
축구를 뜻하는 단어가 아닌 것은?,Soccer,baseball,football,2,2,◇시사/상식◇,,,,,,,
<프로듀스48>에 출연하지 않는 사람은?,집밥 백선생,댄스 트레이너 배윤정,국민 프로듀서 대표 이승기,1,1,◇시사/상식◇,,,,,,,
리버풀 출신 청년들이 모여 결성한 전설적인 팝그룹 '비틀즈'의 멤버가 아닌 사람은?,존 레논,로저 테일러,조지 해리슨,2,3,◇시사/상식◇,,,,,,,
명왕성의 서양권 이름인 플루토는 그리스 신화 속 이 '신'의 로마식 이름이다. 이 '신'은 누구인가?,하데스,아폴론,헤파이스토스,1,3,◇시사/상식◇,,,,,,,
예능 '효리네 민박'의 배경이 되었던 집의 소유권은 누구한테 있을까?,이효리,이상순,JTBC,3,3,◇시사/상식◇,,,,,,,
졸업사진 패러디의 원조로 유명한 고등학교는?,동두천고,의정부고,경기예고,2,2,◇시사/상식◇,,,,,,,
"친구가 ""나 더위 먹었어.""라고 말했다. 무슨 뜻일까?",배가 너무 고파,너도 먹을래?,기운이 없어,3,2,◇시사/상식◇,,,,,,,
다음 중 멤버 구성원 수가 다른것은?,파워레인저,닌자 거북이,텔레토비,1,4,◇시사/상식◇,,,,,,,
토양의 상태에 따라 색이 변하는 꽃은?,수국,튤립,장미,1,4,◇시사/상식◇,,,,,,,
"""산OO OO야 어디를 가느냐"" 빈칸에 들어갈 동요 '산토끼'의 가사는?",도끼,Dok2,토끼,3,1,◇시사/상식◇,,,,,,,
다음 중 흑인 음악에 속하지 않는 장르는?,가스펠,재즈,트로트,3,2,◇시사/상식◇,,,,,,,
예능 프로그램 <고등래퍼2>의 우승자는?,김영옥,김하온,장문복,2,3,◇시사/상식◇,,,,,,,
다음 중 예능 프로그램 <나 혼자 산다>에 출연 한 적이 없는 사람은?,헤이즈,창모,쌈디,2,2,◇시사/상식◇,,,,,,,
아주 기이하고 엉뚱한 생각'을 사자성오로 하면?,성주참외,기상천외,날씨문의는 기상청에,2,2,◇시사/상식◇,,,,,,,
어떤것이 급격하게 커졌을 때 사용하는 말이 아닌 것은?,급성장,폭풍성장,산송장,3,1,◇시사/상식◇,,,,,,,
"""왜 이렇게 사진발이 안 받지? 너는 OO이 훨씬 낫다"" 빈칸에 적절한 것은?",얼굴보다 발,실물,뒤통수에 난 점,2,1,◇시사/상식◇,,,,,,,
대한민국 헌법 제 1조 1항 '대한민국은 ( )이다.' 빈칸에 올바른 말은?,민주공화국,민주주의 인민공화국,사회주의 국가,1,2,◇시사/상식◇,,,,,,,
다음 중 '역류성 식도염'을 예방하기 위한 방법이 아닌 것은?,야식을 먹지 않는다,담배를 피지 않는다,침을 삼키지 않는다,3,2,◇시사/상식◇,,,,,,,
설화속에 존재하는 '무엇이든 넣기만 하면 계속 늘어나는 보물단지'는?,용린,보은박,화수분,3,3,◇시사/상식◇,,,,,,,
지상 5~7km 높이 대기권에 있는 고기압 때문에 더위가 심해지는 현상은?,열돔 현상,열섬 현상,열기구 현상,1,4,◇시사/상식◇,,,,,,,
다음 중 동물 '늑대'가 나오지 않는 영화는?,늑대의 유혹,늑대와 춤을,늑대의 후예들,1,4,◇시사/상식◇,,,,,,,
일반적으로 고양이 발바닥의 말랑말랑한 부분을 부르는 말은?,슬라임,젤리,캔디,2,3,◇시사/상식◇,,,,,,,
"일반적으로 자동차를 주차 한 후, 문을 열다가 옆 차를 찍는 것을 부르는 말은?",문 콕!,문 와장창!,문 쾅쾅파악!,1,2,◇시사/상식◇,,,,,,,
"둘리 주제곡 ""OO 타고 내려와~친구를 만났지만~"" 빈칸에 알맞은 가사는?",썰매,버스,빙하,3,2,◇시사/상식◇,,,,,,,
세계적으로 퇴출되고 있는 '플라스틱 빨대'의 친환경 대체품이 아닌 것은?,먹는 빨대,쇠파이프,종이 빨대,2,1,◇시사/상식◇,,,,,,,
우리나라의 국기는 태권도! 미국의 국기는 야구! 벨기에의 국기는?,축구,당구,체스,2,3,◇시사/상식◇,,,,,,,
다음 중 공주 신분이 아닌 사람은?,인어공주,백설공주,엄지공주,3,2,◇시사/상식◇,,,,,,,
그리스 신화에 나오는 신들 중 '음악의 신'은?,아폴론,아테네,아르테미스,1,3,◇시사/상식◇,,,,,,,
대한민국 소년법에서 '소년'은?,13세 미만,15세 미만,19세 미만,3,3,◇시사/상식◇,,,,,,,
사람의 이름을 딴 상이 아닌 것은?,그래미상,퓰리처상,노벨상,1,3,◇시사/상식◇,,,,,,,
다음 중 향수의 향이 아닌 것은?,머스크향,시트러스향,모기향,3,1,◇시사/상식◇,,,,,,,
"몹시 추운 시기는 혹한기, 몹시 더운 시기는?",몹더시,혹서기,사춘기,2,1,◇시사/상식◇,,,,,,,
야무지지 못하고 말이나 하는 짓이 답답한 사람을 놀림조로 이르는 말은?,맹꽁이,두꺼비,개구리,1,2,◇시사/상식◇,,,,,,,
다음 중 <복면가왕>에 '복면가수'로 출연하지 않았던 사람은?,신봉선,송민호,신고은,2,2,◇시사/상식◇,,,,,,,
다음 중 '솜을 두어 지은 바지'를 부르는 말은?,막바지,핫바지,이바지,2,4,◇시사/상식◇,,,,,,,
프랑스 혁명의 주체가 된 사람들은?,부르주아,부르마블,부르지마,1,3,◇시사/상식◇,,,,,,,
다음 중 국내 감별사 직업으로 없는 것은?,위조지폐 감별사,커피 감별사,비둘기 감별사,3,4,◇시사/상식◇,,,,,,,
축구에서 경기 도중 '쿨링브레이크'를 가질 수 있는 경우는?,너무 추울 때 ,너무 더울 때,바람이 거셀 때,2,3,◇시사/상식◇,,,,,,,
해버지' 박지성의 맨유시절 등번호는?,7번,13번,23번,2,2,◇시사/상식◇,,,,,,,
파운드케이크란 이름의 유래는?,가격이 1파운드이다,무게가 1파운드이다,재료가 1파운드 들어간다,3,4,◇시사/상식◇,,,,,,,
수영을 못하는 사람이 구명조끼가 없을 때 이용 할 수 있는 것은?,질소가 없는 과자봉지,구명조끼,질소 포장된 과자봉지,3,3,◇시사/상식◇,,,,,,,
바다의 카멜레온'으로 몸의 색을 기분에 따라 바꾸는 동물은?,문어,멍게,해파리,1,2,◇시사/상식◇,,,,,,,
다음 '반 고흐'의 작품 중 그가 살아있을 때 팔린 작품은?,아를의 붉은 포도밭,귀가 잘린 자화상,파리의 지붕들,1,4,◇시사/상식◇,,,,,,,
여전히 장롱면허를 가진 당신! 먼허 갱신은 몇 년 주기일까?,8년,10년,12년,2,4,◇시사/상식◇,,,,,,,
작은 걸음으로 가볍고 힘차게 걷는 모양'을 나타내는 순 우리말은?,발맘발맘,앙큼상큼,짜박짜박,2,4,◇시사/상식◇,,,,,,,
해외 사이트 물품 구매시 이용하는 '배대지'는 무엇의 줄임말일까?,내 배 되게 크지?,배송대행지,내 배 되게 작지?,2,2,◇시사/상식◇,,,,,,,
회사 면접을 보러 가는 당신! 다음중 면접용으로 적절한 옷은?,우비와 장화,롱패딩과 털모자,깔끔한 정장,3,1,◇시사/상식◇,,,,,,,
휴가를 보내는 방법 중 책과 관련 없는것은?,북케이션,북캉스,북한산 등반,3,1,◇시사/상식◇,,,,,,,
다음 중 건전지 규격 중 가장 크기가 큰것은?,AA,AAA,AAAA,1,2,◇시사/상식◇,,,,,,,
다음 중 '오랫동안 오던 비가 말끔히 갬' 이라는 뜻을 가진 단어는?,제출,신청,접수,2,4,◇시사/상식◇,,,,,,,
"다음 중 테니스, 축구 등 구기 종목에서 사용하는 비디오 판독 시스템은?",호크아이,이글아이,스위프트아이,1,3,◇시사/상식◇,,,,,,,
신생아기에 붙어 있던 탯줄이 떨어지면서 남은 흉터 부위는?,땀구멍,배꼽,씻을 수 없는 상처,2,1,◇시사/상식◇,,,,,,,
빅뱅 이론의 강력한 증거가 되는 '이것'은?,우주 배경 복사,우주 배경 붙여넣기,우주 배경 화면,1,2,◇시사/상식◇,,,,,,,
인터넷 상에서 신분을 확인하기 위해 쓰이지 않는 것은?,아이핀,공인인증서,호패,3,1,◇시사/상식◇,,,,,,,
흑인들은 머리를 땋거나 빡빡 밀지 않으면 두피가 상한다. 왜일까?,머리를 자주 감아서,피부가 약해서,곱슬머리가 심해서,3,2,◇시사/상식◇,,,,,,,
한 경기에서 가장 좋은 활약을 보여준 선수에게 주는 상 'MOM'은?,Man of the match,Man of man,Mommy Oh Mommy!,1,2,◇시사/상식◇,,,,,,,
아주 중요한 인물을 표현할때 VIP라고 하는데 이 'VIP'는 무엇의 약자일까?,Very Impress People,Very Interesting Person,Very Important Person,3,4,◇시사/상식◇,,,,,,,
다음 중 미국에서 저작권법의 보호를 가장 오랫동안 받고 있는 캐릭터는?,심바,미키마우스,도널드 덕,2,4,◇시사/상식◇,,,,,,,
선박 침몰 시 방출되지 않은 공기가 남아있는 공간을 칭하는 것은?,에어백,에어포켓,에어포스,2,3,◇시사/상식◇,,,,,,,
독일의 자동차 회사 메르세데스-벤츠의 '메르세데스'는 어디서 따왔을까?,자동차 딜러의 딸 이름,독일어 '자비로운',창업주 아내의 이름,1,4,◇시사/상식◇,,,,,,,
상대방의 말에 호응하거나 동의하는 것은?,맞짱,맞장구,다이다이,2,1,◇시사/상식◇,,,,,,,
아이들이 할 수 있는 놀이가 아닌 것은?,얼음땡,깡통차기,로또,3,1,◇시사/상식◇,,,,,,,
다음 중 바다 또는 호수에서 일어나는 물결을 부르는 말로 알맞은 것은?,빨강,파랑,노랑,2,2,◇시사/상식◇,,,,,,,
"개의 새끼는 강아지, 말의 새끼는 망아지, 호랑이의 새끼는?",개호주,아범,호랑지,1,4,◇시사/상식◇,,,,,,,
"전설 속에서, 쇠를 먹는다고 알려진 동물의 이름은?",불가사리,기린,해태,1,3,◇시사/상식◇,,,,,,,
코난 도일의 작품에 나오는 명탐정은?,김전일,왓슨 박사,셜록 홈스,3,3,◇시사/상식◇,,,,,,,
고대 아즈텍 문명에서 사용했던 주 화폐는?,파피루스,카카오빈,금은 동전,2,4,◇시사/상식◇,,,,,,,
다음 중 가장 마지막에 추가된 알파벳은?,I,J,Z,2,5,◇시사/상식◇,,,,,,,
[넌센스퀴즈] 호주의 화폐단위는?,미국 달러,호주머니,비트코인,2,3,◇시사/상식◇,,,,,,,
지은이가 확실하지 않고 오랫동안 남녀노소에게 불려진 노래는?,민요,힙합,락,1,1,◇시사/상식◇,,,,,,,
다음 중 지문이 있는 동물은?,개,원숭이,고양이,2,4,◇시사/상식◇,,,,,,,
"스피노자 왈! ""내일 지구의 종말이 와도 나는 한 그루의 OOOO를 심겠다."" 빈 칸은?",사과나무,벚꽃나무,대나무,1,3,◇시사/상식◇,,,,,,,
금속탐지기를 이용하여 숨어있는 금속을 찾는 취미를 일컫는 말은?,금속탐지,도굴,점유이탈물횡령,1,2,◇시사/상식◇,,,,,,,
"""관광객 오지마!"" 여행지의 원주민들이 관광객을 두려워하는 현상은?",이상한 현상,투어리즘 포비아,초자연 현상,2,3,◇시사/상식◇,,,,,,,
지구가 아닌 천체를 사람이 살 수 있는 환경으로 만드는 것을 일컫는 말은?,테라포밍,체인지업,그린벨트,1,3,◇시사/상식◇,,,,,,,
야외에서 밥을 먹으며 소풍하는 것을 뜻하는 단어는?,피크닉,핑크퐁,클리닉,1,3,◇시사/상식◇,,,,,,,
향기가 '후추'의 톡 쏘는 성질과 닮았다고 알려진 것은?,로즈마리,애플민트,페퍼민트,3,4,◇시사/상식◇,,,,,,,
다음 중 코카콜라를 공식적으로 판매하지 않는 나라는?,중국,북한,러시아,2,3,◇시사/상식◇,,,,,,,
속눈썹이 짙고 길어 보이도록 칠하는 화장품의 표준어는?,마! 스까라,마스카라,마다가스카르,2,2,◇시사/상식◇,,,,,,,
제주도로 '식도락 여행'을 떠난 김모씨가 먹으면 안되는 음식은?,제주산 주상절리,제주산 갈치,제주산 말고기,1,2,◇시사/상식◇,,,,,,,
"아시아', '토마토', '일요일' 처럼 거꾸로 해도 같은 말을 부르는 용어는?",동문,회문,반문,2,5,◇시사/상식◇,,,,,,,
다음 중 여의도보다 작은 나라는?,모나코,몰디브,몰타,1,5,◇시사/상식◇,,,,,,,
수면에 어려움을 겪는 상태를 부르는 말은?,수면장애,수영장,핵꿀잠,1,2,◇시사/상식◇,,,,,,,
양심적 병역거부자를 위한 복무제도는 무엇일까?,징역,군면제,대체복무제,3,2,◇시사/상식◇,,,,,,,
제주도는 여행객에게 세금을 받는 정책을 추진한다고 한다. 이 세금은?,상륙세,입도세,입장료,2,3,◇시사/상식◇,,,,,,,
다음 중 조선시대에 '커피'를 부르던 말은?,검은탕,고삐,양탕국,3,3,◇시사/상식◇,,,,,,,
고속도로에서 일어나는 원인모를 교통정체를 부르는 말은?,미스터리 정체,유령 정체,바보 정체,2,3,◇시사/상식◇,,,,,,,
"다음 중 마약 탐지, 인명 구조, 범인 추적을 할 수 있는 동물은?",게,반달가슴곰,개,3,2,◇시사/상식◇,,,,,,,
흡연이 불법인 비행기 내부에 재떨이가 설치된 장소가 있다. 어디일까?,화장실,승무원 침실,조종실,1,3,◇시사/상식◇,,,,,,,
다음 중 '만 23세 나이 제한'이 있는 축구 경기가 아닌 것은?,올림픽 축구,AFC 아시안컵,아시안게임 축구,2,3,◇시사/상식◇,,,,,,,
보행자 안전을 위한 '생활도로구역'의 자동차 제한 속도 기준은?,시속 20km,시속 30km,시속 40km,2,3,◇시사/상식◇,,,,,,,
"""달 달 무슨 달, OO같이 둥근 달"" 빈칸에 알맞은 동요 '달'의 가사는?",감쪽,쟁반,악착,2,1,◇시사/상식◇,,,,,,,
다음 중 사람의 손으로 길들인 매를 부르는 말은?,수지니,고으니,니코니코니~,1,3,◇시사/상식◇,,,,,,,
1999년 종말론'을 주장한 예언가는?,노가리,노스트라다무스,노라조,2,1,◇시사/상식◇,,,,,,,
아르헨티나 탱고음악 연주에 주로 사용되는 작은 손풍금의 이름은?,반도네온,가야금,멜로디언,1,4,◇시사/상식◇,,,,,,,
"동요 <햇빛은 쨍쨍>에서 ""햇볕은 쨍쨍, OOO은(는) 반짝"" 빈칸에 알맞은 가사는?",금니,모래알,인기,2,1,◇시사/상식◇,,,,,,,
2018년 하반기부터 '이것'을 마시고 자전거를 운전하면 처벌 받는다. 이것은?,공기,물,술,3,1,◇시사/상식◇,,,,,,,
요즘은 스크린을 통해 실내에서도 스포츠를 즐길 수 있다. 해당되지 않는 것은?,스크린 수영,스크린 골프,스크린 야구,1,2,◇시사/상식◇,,,,,,,
카카오프렌즈의 인기 캐릭터 '라이언'의 직책은?,대리,상무,전무,3,3,◇시사/상식◇,,,,,,,
"영어로 ""Pay attention!""은 우리말로 외치면 무엇이 될까?",주모~!,주먹!,주목!,3,1,◇시사/상식◇,,,,,,,
다음 중 일본어 '소데나시'의 줄임말 '나시'로 불리는 옷은?,민소매,후추,민머리,1,1,◇시사/상식◇,,,,,,,
존재감이 없거나 미미한 사람을 사물에 비유해서 부르는 말은?,미친 존재감,병풍,분위기 메이커,2,2,◇시사/상식◇,,,,,,,
"아랍어로 통치자를 뜻하며, 터키 에도르안 대통령이 재선출되며 부각된 이 단어는?",술탄,물탄,약탄,1,2,◇시사/상식◇,,,,,,,
K팝 걸그룹 최초로 빌보드 메인차트 2개에 동시 진입한 그룹은?,원더걸스,방탄소년단,블랙핑크,3,3,◇시사/상식◇,,,,,,,
매우 적은 양으로 물질 대사나 생리기능을 조절하는 필수적인 영양소는?,우라늄,플루토늄,비타민,3,2,◇시사/상식◇,,,,,,,
영국 애니메이션 <토마스와 친구들>의 주인공 토마스는?,우주선,기관차,전기차,2,2,◇시사/상식◇,,,,,,,
우리나라 최초의 철도는?,경인선,경부선,경강선,1,4,◇시사/상식◇,,,,,,,
미니 축구 '풋살'은 한팀이 몇 명이서 하는 경기일까?,5명,7명,8명,1,3,◇시사/상식◇,,,,,,,
영어 'Bo Peep Bo Peep'을 우리말로 표현했을때 가장 적절한 것은?,뛰뛰! 빵빵!,삐뽀~삐뽀~,우르르 까꿍~!,3,4,◇시사/상식◇,,,,,,,
제주도의 상징! 돌하르방의 재료는?,현무암,전현무,주작암,1,2,◇시사/상식◇,,,,,,,
근위병 교대식으로 유명한 런던의 궁전 이름은?,버스킹,버킹엄,버거킹,2,2,◇시사/상식◇,,,,,,,
나라와 대표 관광명소가 잘못 연결된 것은?,체코-프라하성,로마-콜로세움,스위스-샹젤리제,3,3,◇시사/상식◇,,,,,,,
다음 중 관세가 면제된 상품에 붙어있는 마크는?,듀티프리,택스프리,알콜프리,1,3,◇시사/상식◇,,,,,,,
2018년 여행을 가기위해 비자가 필요한 곳은?,중국,홍콩,필리핀,1,3,◇시사/상식◇,,,,,,,
대한민국 성인이면 이용 가능한 국내 기차패스는?,내일로,하나로,문화로,2,4,◇시사/상식◇,,,,,,,
"""뽑기""로도 불리는 설탕을 녹인 다음 소다를 넣어 만든 과자는?",달구나,달고나,달짝지근하구나,2,3,◇시사/상식◇,,,,,,,
다음 중 범죄를 해결하는 데 있어서의 결정적인 증거를 일컫는 말은?,두루마리,스모킹 건,심증,2,3,◇시사/상식◇,,,,,,,
자동차 급제동 시 바퀴가 잠기는 현상을 방지하기 위한 시스템은?,EBD,ECS,ABS,3,4,◇시사/상식◇,,,,,,,
2017년 병역회피 수법으로 가장 많이 사용된 방법은?,고의 체중 조절,정신질환 위장,고의 문신,1,4,◇시사/상식◇,,,,,,,
"국내 화폐중 가장 짧게 유통된 화폐, 100환권에 그려진 그림은?",아빠와 아들,엄마와 아들,엄마와 두 딸,2,5,◇시사/상식◇,,,,,,,
다음 중 '소개팅'에 해당되는 영어 단어는?,커튼 데이트,카펫 데이트,블라인드 데이트,3,4,◇시사/상식◇,,,,,,,
소비자 불매운동을 뜻하는 '보이콧'은 어디에서 유래된 말일까?,법안명,사람 이름,기업 이름,2,5,◇시사/상식◇,,,,,,,
"닭과 인삼, 대추, 찹쌀 등을 넣어 만드는 여름 보양식은?",진흙탕,삼계탕,남녀혼탕,2,1,◇시사/상식◇,,,,,,,
"뉴스에서 날씨에 관한 정보를 수집, 전달하는 역할을 하는 직업은?",취침캐스터,캐스터네츠,기상캐스터,3,1,◇시사/상식◇,,,,,,,
단말기를 설치하면 주행 중 자동으로 통행료가 결제되는 시스템은?,하이패스,스루패스,노룩패스,1,1,◇시사/상식◇,,,,,,,
국회의원이 사용처를 밝히지 않고 쓸 수 있도록 나라에서 지급받는 경비는?,특수활동비,뇌물,용돈,1,1,◇시사/상식◇,,,,,,,
하천이 범람하여 주변 지역에 피해를 입히는 자연재해는?,산사태,홍수,가뭄,2,1,◇시사/상식◇,,,,,,,
"사르트르의 명언 ""인생은 'B'와 'D'사이의 'C'다."" 에서 풀이가 알맞은 알파벳은?",B -Birth,D - Dollar,C - Chocolate,1,1,◇시사/상식◇,,,,,,,
회사도 집도 잊고 떠나고 싶은 충동이 드는것을 '( )증후군'이라고 한다. 빈칸은?,정신가출,멍때리기,유체이탈,1,3,◇시사/상식◇,,,,,,,
사과향이 나서 '땅에서 나는 사과'라고 불리는 허브는?,라벤더,히비스커스,카모마일,3,4,◇시사/상식◇,,,,,,,
연예인들이 군대를 직접 체험하는 예능 프로그램은?,진짜 사나?,트와이스 사나,진짜 사나이,3,1,◇시사/상식◇,,,,,,,
다음 중 나무에서 열리는 열매가 아닌 것은?,치자,구기자,피자,3,2,◇시사/상식◇,,,,,,,
30대에도 회사에서 퇴직을 강요당하는 현실을 반영한 신조어는?,휴전선,38선,낙동강 방어선,2,3,◇시사/상식◇,,,,,,,
똑바로 누워서 하는 수영은 배영! 옆으로 누워서 수영하는 영법은?,횡영,입영,반배영,1,2,◇시사/상식◇,,,,,,,
6.25 전쟁이 발발한 시대를 배경으로 한 영화가 아닌 것은?,태극기 휘날리며,웰컴투 동막골,실미도,3,3,◇시사/상식◇,,,,,,,
월드컵 개최를 담당하고 있는 국제축구연맹의 약자는?,피파,코파,도파,1,2,◇시사/상식◇,,,,,,,
다음 중 불어로 안녕하세요 라는 뜻의 인사말은?,봉쥬르,봉만대,봉잡아,1,2,◇시사/상식◇,,,,,,,
다음 중 한 나라의 수도가 아닌 곳은?,파리,로마,이스탄불,3,3,◇시사/상식◇,,,,,,,
다음 중 마블코믹스 소속 히어로가 아닌 인물은?,아이언맨,슈퍼맨,헐크,2,2,◇시사/상식◇,,,,,,,
월트 디즈니의 캐릭터 곰돌이 푸의 성별은?,남성,중성,여성,3,3,◇시사/상식◇,,,,,,,
땅을 파거나 깍을 때 사용되는 건설 기계는?,포크레인,스푼레인,나이프레인,1,2,◇시사/상식◇,,,,,,,
국내 고속도로에서 도로교통법 위반 행위를 불시에 단속하는 순찰차는?,암행 순찰차,쾌걸조로 순찰차,배트맨 순찰차,1,2,◇시사/상식◇,,,,,,,
다수가 한 집에 살면서 개인적인 공간은 따로 사용하는 주거 양식은?,땅콩하우스,게스트하우스,셰어하우스,3,4,◇시사/상식◇,,,,,,,
다음 중 외래어가 아닌 것은?,댐,비닐,헹가래,3,4,◇시사/상식◇,,,,,,,
답답했던 상황이 통쾌하게 진행 될 경우 쓰이는 인터넷 유행어는?,고구마,감자,사이다,3,3,◇시사/상식◇,,,,,,,
몸의 중심 부위를 강화시키는 운동을 부르는 말은?,새마을 운동,코어 운동,나이키 운동,2,3,◇시사/상식◇,,,,,,,
제주도에서 산을 부르는 말 오름!  다음 중 제주도에 없는 오름은?,물오름,소소름,대오름,3,2,◇시사/상식◇,,,,,,,
뮤지컬 최초로 노벨문학상을 받은 미국의 싱어송라이터는?,밥 달라,밥 드려,밥 딜런,3,2,◇시사/상식◇,,,,,,,
소송에 있어 원고의 청구를 이유가 없다고 하여 배척하는 판결은?,기각,항소,상소,1,4,◇시사/상식◇,,,,,,,
야구에서 '안방 마님'으로 불리는 포지션은?,포수,감독의 아내,구단주의 부인,1,2,◇시사/상식◇,,,,,,,
속담 '까마귀 고기를 먹었냐?'는 어떤 사람에게 쓰는 말일까?,까마귀를 먹은 사람,건망증이 심한 사람,오골계를 키우는 사람,2,2,◇시사/상식◇,,,,,,,
2002년 월드컵에서 히딩크 감독이 했던 '골 세레머니'는?,어퍼컷,공중제비,손가락 흔들고 호우!,1,2,◇시사/상식◇,,,,,,,
남반구에서 '1년중 밤이 가장 긴 날'은 우리나라 절기로 언제일까?,하지,입춘,동지,1,3,◇시사/상식◇,,,,,,,
코뿔소의 '뿔'은 원래 무엇일까?,뼈,피부,이빨,2,4,◇시사/상식◇,,,,,,,
피사의 사탑이 기울어져있는 이유는?,설계를 기울게 해서,지반이 불균형 해서,관광객이 밀어서,2,3,◇시사/상식◇,,,,,,,
백설공주가 깊은 잠에 빠지게 된 이유는?,윽;; 독사과를 먹어서,점심에 과식을해서,어젯밤 너무 달려서,1,2,◇시사/상식◇,,,,,,,
출입문에 쓰여있는 '미세요'의 올바른 영어 단어는?,PUSH,PULL,PASS,1,3,◇시사/상식◇,,,,,,,
속담 '외모는 거울로 보고 마음은 ( )(으)로 본다'에서 빈칸은?,술,말,성격,1,3,◇시사/상식◇,,,,,,,
다음 주민등록번호를 가진 사람중에서 가장 먼저 태어난 사람은?,******-1261833,******-3261833,******-9261833,3,3,◇시사/상식◇,,,,,,,
현역 군인은 전역한 다음 해부터 8년동안 '( )'에 편성된다. 빈칸은?,게릴라군,예비군,반란군,2,1,◇시사/상식◇,,,,,,,
소설 <해리포터>에서 해리의 이마에 있는 번개모양은 무엇일까?,문신,점,흉터,3,2,◇시사/상식◇,,,,,,,
자국에서의 박해를 피해 다른 곳으로 탈출하는 사람은?,난민,양민,인민,1,2,◇시사/상식◇,,,,,,,
달리기 운동 '조깅'을 영어로 하면?,Jogging,Morning Run,Slow Run,1,3,◇시사/상식◇,,,,,,,
더치페이(Dutch Pay)'의 우리말 순화어는?,반반 내기,각자 내기,나눠 내기,2,3,◇시사/상식◇,,,,,,,
포도나 자두 표면의 흰 가루를 먹으면 어떻게 될까?,죽는다,달다,아프다,2,2,◇시사/상식◇,,,,,,,
다음 디즈니 애니메이션 여성 캐릭터 중 20대는?,신데렐라,라푼젤,엘사,3,5,◇시사/상식◇,,,,,,,
축구용어 '해트트릭'은 어느 스포츠 종목에서 비롯되었을까?,크리켓,테니스,골프,1,4,◇시사/상식◇,,,,,,,
다음 중 '아우'의 높임말로 옳은 것은?,아우 진짜,아우님,아우야,2,3,◇시사/상식◇,,,,,,,
캐릭터들을 축소해 재현한 인형인 '피규어'의 올바른 표기는?,피겨,피그렛,픽미업,1,2,◇시사/상식◇,,,,,,,
허벅지 뒤쪽 부분의 근육과 힘줄인 '햄스트링'의 기능이 아닌 것은?,속도 감속,방향 전환,폐활량 상승,3,3,◇시사/상식◇,,,,,,,
"동요 ""OOOO OOOO 으쓱 으쓱""에서 빈칸에 들어갈 말은?",달랑달랑,딸랑딸랑,짤랑짤랑,3,3,◇시사/상식◇,,,,,,,
딸의 남편인 '사위'를 나타내는 말로 옳은 것은?,백년손님,단골손님,진상손님,1,1,◇시사/상식◇,,,,,,,
가수의 뒤에서 보조적으로 노래를 부르는 사람은?,매니저,코러스,백댄서,2,2,◇시사/상식◇,,,,,,,
지역의 옛 이름과 현재 이름이 잘못 짝지어진 것은?,달구벌-대구,한밭-대전,서라벌-광주,3,3,◇시사/상식◇,,,,,,,
2018 월드컵에 적용되는 '비디오 판독 시스템'을 부르는 용어는?,VR,VAR,VCR,2,4,◇시사/상식◇,,,,,,,
"방송전파의 통신로를 말하며, ""OO 고정!""의 빈칸의 들어갈 말은?",노리쇠 후퇴,시선,채널,3,2,◇시사/상식◇,,,,,,,
"<우주를 줄게, 썸 탈꺼야, 여행>을 부른 가수는?",볼빨간 김춘기,빨간볼 사춘기,볼빨간 사춘기,3,2,◇시사/상식◇,,,,,,,
2006년 독일 월드컵에서 '꼭짓점 댄스'로 열풍을 일으킨 연예인은?,싸이,김수로,윤도현,2,2,◇시사/상식◇,,,,,,,
다음 중 연예인 가족으로 틀리게 짝지어진 것은?,엄앵란&엄정화,배성우&배성재,션&정혜영,1,3,◇시사/상식◇,,,,,,,
다음 중 나이가 다른 연예인은?,박명수,강호동,김용만,3,4,◇시사/상식◇,,,,,,,
국내 최초로 TV에서 방송된 일일 연속극은?,전원일기,눈이 나리는데,결혼행진곡,2,5,◇시사/상식◇,,,,,,,
단오는 여자는 창포물로 머리를 감고 남자는 '이것'을 하는 명절이다. 이것은?,말싸움,윷놀이,씨름,3,3,◇시사/상식◇,,,,,,,
스포츠는 흔히 '( )'로 불린다. 빈칸에 알맞은 말은?,각본 없는 드라마,짜고 치는 고스톱,안 봐도 비디오,1,2,◇시사/상식◇,,,,,,,
달리기 경기에서 '페이스 메이커'는 어떤 사람일까?,팀의 최고 에이스,선두를 이끄는 사람,출발이 가장 빠른 사람,2,3,◇시사/상식◇,,,,,,,
말이나 행동을 일부러 분명하게 하지 않는 모양을 나타내는 말로 틀린 것은?,어물쩍,어물쩡,우물쩍,2,3,◇시사/상식◇,,,,,,,
"""떠나요~둘이서~모든 것 훌훌 버리고""의 노래 제목은?",제주도 푸른 밤,여수 밤바다,신혼여행,1,3,◇시사/상식◇,,,,,,,
충남 보령에서는 <OO 축제>가 유명하다. OO에 들어갈 말은?,녹차,빙어,머드,3,2,◇시사/상식◇,,,,,,,
다음 중 경기도 화성시에 있는 지명은?,안녕동,인사동,예의리,1,4,◇시사/상식◇,,,,,,,
1인당 지역 총소득이 가장 높은 곳은?,서울특별시,울산광역시,부산광역시,2,4,◇시사/상식◇,,,,,,,
우리나라의 가장 많은 성씨는 '김'씨! 그렇다면 다음 3개 순서는?,이>박>최,이>최>박,박>이>최,1,5,◇시사/상식◇,,,,,,,
다음 중 국내 대학교에 존재하는 학과가 아닌 것은?,얼굴경영학과,감귤포장학과,북한학과,2,4,◇시사/상식◇,,,,,,,
다음 중 혀의 '통각'으로 느낄 수 있는 맛은?,짠맛,감칠맛,매운맛,3,4,◇시사/상식◇,,,,,,,
이란의 수도는?,테헤란,저그,프로토스,1,2,◇시사/상식◇,,,,,,,
"속담 ""시장이 반찬""에서 '시장'과 같은 의미를 갖는 것은?",배고픔,박원순,남대문 시장,1,2,◇시사/상식◇,,,,,,,
"피로회복제의 주성분으로 오징어, 문어에 많이 들어있는 것은?",카페인,타우린,키토산,2,4,◇시사/상식◇,,,,,,,
아프리카 열대우림에 사는 평균 키 150cm의 난쟁이 부족은?,마사이족,피그미족,마오리족,2,5,◇시사/상식◇,,,,,,,
스페인어 '베사메무쵸'의 뜻은?,우리 춤 출까요,꽉 안아줘,뽀뽀 많이 해줘,3,4,◇시사/상식◇,,,,,,,
궁둥이는 어느 부위를 말할까?,볼기의 윗부분,볼기의 중간부분,볼기의 아랫부분,3,4,◇시사/상식◇,,,,,,,
야구에서 투수와 포수를 합쳐 부르는 말은?,배터리,마운드 2인조,충전기,1,2,◇시사/상식◇,,,,,,,
올챙이가 개구리로 성장할 때 가장 먼저 생기는 부위는?,뒷다리,가운데다리,앞다리,1,3,◇시사/상식◇,,,,,,,
사람의 몸에서 물이 차지하는 비율은?,약 50%,약 70%,약 90%,2,3,◇시사/상식◇,,,,,,,
잘 되고 있는 상황을 어그러뜨릴 때 '초를 친다'고 한다. 여기서 초는?,식초,양초,잡초,1,4,◇시사/상식◇,,,,,,,
중국의 멸종위기종으로 '실사판 피카츄'라 불리는 동물의 이름은?,담비,일리 피카,토끼박쥐,2,4,◇시사/상식◇,,,,,,,
노래 <Viva la Vida>로 유명한 영국 록밴드는?,콜드브루,콜드게임,콜드플레이,3,3,◇시사/상식◇,,,,,,,
"축구경기에서 전, 후반 이후 '추가시간'을 뜻하는 말이 아닌것은?", 쿨링 타임,로스 타임,인저리 타임,1,3,◇시사/상식◇,,,,,,,
E-mail 주소를 표기할 때 사용하는 '@'를 부르는 올바른 명칭은?,골뱅이,에이원,앳 마크,3,4,◇시사/상식◇,,,,,,,
에베레스트산에 이어 세계에서 두 번째로 높은 산은?,로체,K2,안나푸르나,2,4,◇시사/상식◇,,,,,,,
다음 중 한 해에 5대 국내 가요 시상식 대상을 모두 석권한 가수/그룹은?,H.O.T,김건모,조성모,2,4,◇시사/상식◇,,,,,,,
"""(  ) 날 불평 불만이냐!?"" 맞춤법이 올바른 표현은?",허구헌,허구한,허구연,2,4,◇시사/상식◇,,,,,,,
대형 우량주를 뜻하는 말로 '예능계의 OOO'으로 잘 쓰이는 말은?,옐로칩,블랙칩,블루칩,3,4,◇시사/상식◇,,,,,,,
다음 중 한국에 있는 지역명이 아닌 것은?,김제동,오취리,대가리,1,4,◇시사/상식◇,,,,,,,
우리나라의 전통 음식이 아닌것은?,삼계탕,마라탕,감자탕,2,4,◇시사/상식◇,,,,,,,
조리 시설을 갖춘 차량으로 이동하며 음식을 판매하는 것은?,오일장,포장마차,푸드트럭,3,3,◇시사/상식◇,,,,,,,
요리-주재료가 맞는 것은?,올챙이국수-올챙이,가자미식해-가자미,고갈비-갈비,2,5,◇시사/상식◇,,,,,,,
우리나라 야구 레전드 투수로 '나고야의 태양'으로 불렸던 선수는?,이종범,선동열,이상훈,2,4,◇시사/상식◇,,,,,,,
운동 후 땀으로 빠져나간 전해질을 보충하기 위해 마시는 것은?,이온음료,소주,양잿물,1,2,◇시사/상식◇,,,,,,,
미술계의 올림픽'으로 불리며 2년마다 개최되는 국제미술전은?,비엔날레,아트 페어,아톨림픽,1,3,◇시사/상식◇,,,,,,,
다음 중 각국의 '사랑해'를 뜻하는 외국어가 잘못 짝지어진 것은?,독일-이히리베디히,네덜란드-익허우반여우,이탈리아-떼기에로,3,3,◇시사/상식◇,,,,,,,
다음 중 '별의 고을'이라 불리는 지역으로 참외가 유명한 곳은?,정선,성주,횡성,2,3,◇시사/상식◇,,,,,,,
다음 중 전라남도 여수시에 있는 해역의 이름으로 옳은 것은?,남자만,여자만,애인만,2,4,◇시사/상식◇,,,,,,,
다음 중 부산에 위치한 <장승 등대>의 별칭이 아닌 것은?,마징가Z 등대,태권Z 등대,메칸더V 등대,3,4,◇시사/상식◇,,,,,,,
군부대가 많은 강원도에 없는 지명은?,대장리,대위리,상사리,1,5,◇시사/상식◇,,,,,,,
보통 열차보다 속도가 빠르고 정차하는 역이 적은 열차는?,완행열차,급행열차,설국열차,2,2,◇시사/상식◇,,,,,,,
한국인 최초로 메이저리그에 진출한 야구선수는?,류현진,추신수,박찬호,3,2,◇시사/상식◇,,,,,,,
한국인 최초로 잉글랜드 프리미어리그에 진출한 축구선수는?,설기현,이영표,박지성,3,2,◇시사/상식◇,,,,,,,
시청률이나 청취율이 가장 높은 방송시간대를 가리키는 말이 아닌 것은?,피크 타임,프라임 타임,해피 아워,3,4,◇시사/상식◇,,,,,,,
"축구에서 흔히 쓰이는 말로, '경기는 해봐야 안다'는 의미와 같은 것은?",공은 차야 제 맛이다,공은 둥글다,공은 잘못이 없다,2,2,◇시사/상식◇,,,,,,,
영화나 드라마에서 유명배우가 깜짝 출연하는 것을 말하는 용어는?,스턴트맨,엑스트라,카메오,3,2,◇시사/상식◇,,,,,,,
힙합에서 사용하는 '스왜그(Swag)'는 누가 만든 말일까?,켄드릭 라마,셰익스피어,도끼,2,3,◇시사/상식◇,,,,,,,
"지하철 운행 지연으로 지각할 시 회사, 학교 등에 제출할 수 있는 서류는?",간편지연증명서,가족관계증명서,학연지연증명서,1,2,◇시사/상식◇,,,,,,,
복싱에서 기권을 할 때 던지는 것은?,화염병,수건,주사위,2,1,◇시사/상식◇,,,,,,,
"공기 중에 가장 많은 기체로, 과자를 포장할 때 사용하는 것은?",산소,이산화탄소,질소,3,2,◇시사/상식◇,,,,,,,
한국교육과정평가원에서 주관하는 '수능 모의고사'가 열리지 않는 달은?,6월,9월,11월,3,3,◇시사/상식◇,,,,,,,
경기 중 공의 순간 속도가 가장 빠른 스포츠는?,배드민턴,탁구,테니스,1,4,◇시사/상식◇,,,,,,,
새가 비행기에 부딪히거나 엔진 속에 빨려들어가 사고를 일으키는 현상은?,앵그리 버드,얼리 버드,버드 스트라이크,3,4,◇시사/상식◇,,,,,,,
한국과 호주의 허리케인이 회전하는 방향은?,같다,다르다,매번 바뀐다,2,3,◇시사/상식◇,,,,,,,
다음 중 2월 29일 있었던 해는?,2010년,2016년,2018년,2,3,◇시사/상식◇,,,,,,,
형제의 자녀를 일컫는 호칭'조카'의 원래 뜻은?,발 아래,어린 아이,작은 신발,1,4,◇시사/상식◇,,,,,,,
나라를 위해 목숨을 바친 열사를 일컫는 말로 흔히 쓰이지 않는 것은?,순국선열,호국영령,태극전사,3,3,◇시사/상식◇,,,,,,,
42.195km를 달리는 장거리 도로 경주의 올바른 명칭은?,마라도,마실,마라톤,3,2,◇시사/상식◇,,,,,,,
감량했던 체중이 원래의 체중 이상으로 돌아가는 현상은?,작심삼일,컴백,요요,3,2,◇시사/상식◇,,,,,,,
다음 중 무산소 운동이 아닌 것은?,헥헥 '단거리 달리기',물개 빙의 '수영',으라차차 '역도',2,3,◇시사/상식◇,,,,,,,
자축인묘진사오미신유술해! 12지신에 속하지 않는 동물은?,소,쥐,섭,3,2,◇시사/상식◇,,,,,,,
바지 지퍼가 열렸을 때 '( ) 이/가 열렸다'고 한다. 빈칸에 알맞은 말은?,뚜껑,남대문,열매,2,1,◇시사/상식◇,,,,,,,
미국의 이웃국가 캐나다의 별명으로 알맞은 것은?,천조국,감귤국,단풍국,3,2,◇시사/상식◇,,,,,,,
2002년 한일월드컵 당시 우리나라 카드섹션 문구로 올바른 것은?,꿈은 이루어★진다,꿈은★이루어진다,꿈★은 이루어진다,3,5,◇시사/상식◇,,,,,,,
윷놀이에서 '도가 나오면 한 ( )을 간다.' 빈칸에 알맞은 윷놀이 용어는?,발,칸,땅,1,4,◇시사/상식◇,,,,,,,
에스키모인들이 사는 얼음집의 명칭으로 올바른 것은?,아이스 하우스,이글루,이글아이,2,2,◇시사/상식◇,,,,,,,
"스위스, 프랑스, 오스트리아에 걸쳐 있는 산맥은?",로키 산맥,알프스 산맥,스칸디나비아 산맥,2,3,◇시사/상식◇,,,,,,,
현재 미국의 땅이 된 알래스카는 원래 어느나라의 영토였을까?,캐나다,러시아,스웨덴,2,3,◇시사/상식◇,,,,,,,
인구가 가장 많은 대륙은 '아시아'이다. 그렇다면 그 다음으로 많은 대륙은?,유럽,남아메리카,아프리카,3,4,◇시사/상식◇,,,,,,,
다음 중 면적이 가장 작은 나라는?,바티칸 시국,모나코,리히텐슈타인,1,3,◇시사/상식◇,,,,,,,
고전 소설 <심청전>에서 심청이 아버지의 본명은?,심봉사,심학규,심형탁,2,4,◇시사/상식◇,,,,,,,
현재 올림픽 메달인 '금메달'의 성분은?,도금,순은,순금,1,4,◇시사/상식◇,,,,,,,
야구에서 홈플레이트는 오각형이다. 그렇다면 2루 베이스는?,정삼각형,정사각형,정오각형,2,5,◇시사/상식◇,,,,,,,
애니메이션 <라이온 킹>의 명대사 '하쿠나마타타'는 무슨 뜻일까?,용기를 가져,잘될 거야,할 수 있어,2,4,◇시사/상식◇,,,,,,,
야구 경기 도중 양 팀 선수들이 단체로 싸움에 등참하는 행동의 용어는?,벤치클리어링,더그아웃,그라운드 파이트,1,3,◇시사/상식◇,,,,,,,
방탄소년단은 한국 최초로 '빌보드 200 OO차트' 1위에 올랐다! OO은?,싱글,앨범,그룹,2,3,◇시사/상식◇,,,,,,,
"영국 출신으로 'Let it be', 'Yesterday' 등 무수한 명곡을 남긴 그룹은?",비틀즈,새콤달콤,마이쮸,1,1,◇시사/상식◇,,,,,,,
베트남의 수도는?,호치민,다낭,하노이,3,2,◇시사/상식◇,,,,,,,
"우리나라 최초로 ""빌보드 핫 100"" 차트에 진입한 가수는?",싸이,원더걸스,방탄소년단,2,4,◇시사/상식◇,,,,,,,
미국 '알래스카'의 지명은 인디언 말에서 유래가 되었다. 무슨 뜻일까?,거대한 땅,얼음의 땅,초원의 땅,1,4,◇시사/상식◇,,,,,,,
바다의 왕자 장보고가 설치한 '청해진'은 지금은 어느 지역일까?,진도,통영,완도,3,4,◇시사/상식◇,,,,,,,
영화에서 엔딩 크레딧 전후에 짧게 추가된 장면을 뜻하는 말은?,쿠키영상,도넛영상,초코영상,1,2,◇시사/상식◇,,,,,,,
다음 중 영화 제작사 <마블>의 영화가 아닌 것은?,블랙 펜서,다크나이트 라이즈,닥터 스트레인지,2,2,◇시사/상식◇,,,,,,,
원숭이 엉덩이는 빨개~빨가면 사과! 사과는 맛있어! 맛있으면 OOO! 알맞은 가사는?,살 안 쪄,바나나,0 칼로리,2,1,◇시사/상식◇,,,,,,,
하늘에서 떨어지는 얼음덩어리를 부르는 말은?,엇박,수박,우박,3,1,◇시사/상식◇,,,,,,,
다음 중 각국의 통화가치가 적정 수준인지 살펴보는데 활용되는 햄버거는?,빅맥,싸이버거,와퍼,1,2,◇시사/상식◇,,,,,,,
" '가위눌림'과 같은 말로, 뇌는 깨어 있지만 몸은 자고 있는 상태는?",몽유병,자각몽,수면마비,3,3,◇시사/상식◇,,,,,,,
다음 중 우리나라 항공사가 아닌 것은?,이스타항공,티웨이항공,에어아시아,3,3,◇시사/상식◇,,,,,,,
일반적으로 처음 만난 사람에게 자신의 신상을 알리기 위해 건네는 것은?,손수건,명함,가족관계증명서,2,1,◇시사/상식◇,,,,,,,
비행기 탑승 시 허용되는 행동이 아닌것은?,기내 흡연,기내 수면,기내 방귀,1,1,◇시사/상식◇,,,,,,,
 '아무 근거 없이 널리 퍼진 소문'을 뜻하는 말이 아닌 것은?,헛소문,뜬소문,연개소문,3,1,◇시사/상식◇,,,,,,,
 '틀에 박힌 방식과 일정으로 신선함을 잃는 것'을 뜻하는 말은?,매너리즘,다다이즘,귀차니즘,1,3,◇시사/상식◇,,,,,,,
신발이나 의류에 많이 쓰이는 '벨크로'의 다른 이름은?,뽁뽁이,돌돌이,찍찍이,3,3,◇시사/상식◇,,,,,,,
 '버그'라는 말은 컴퓨터의 회로에 끼어있던 이것 때문에 생겼다 무엇일까?,바퀴벌레,나방,벌,2,5,◇시사/상식◇,,,,,,,
시금치를 먹으면 강해지는 뽀빠이! 여자친구의 이름은?,올리브 오일,올리브 올슨,올리브 바셋,1,4,◇시사/상식◇,,,,,,,
사회자를 뜻하는 MC에서 'M'이 뜻하는 것은?,Microphone,Making,Master,3,4,◇시사/상식◇,,,,,,,
다음 중 아이돌 그룹 멤버의 수가 잘못 짝지어진 것은?,여자친구-6명,방탄소년단-7명,아이콘-8명,3,4,◇시사/상식◇,,,,,,,
"우리나라 연예인 이름으로, 설립된 중국의 학교 명칭으로 올바른 것은?",이영애 초등학교,추자연 중학교,안재욱 고등학교,1,4,◇시사/상식◇,,,,,,,
다음 중 솜사탕의 재료는?,솜,설탕,실,2,2,◇시사/상식◇,,,,,,,
지나치게 잠을 많이자고 낮에도 심하게 졸림을 느끼는 증상은?,게으름뱅이,지방간,과면증,3,2,◇시사/상식◇,,,,,,,
남극에는 세종과학기지! 북극의 국내 최초 과학기지는?,다산과학기지,도산과학기지,태극과학기지,1,5,◇시사/상식◇,,,,,,,
 '너무 웃어서 얼굴이 OOO' 빈칸에 들어갈 알맞은 말은?,당긴다,땅긴다,땡긴다,2,5,◇시사/상식◇,,,,,,,
대한민국 월드컵 역대 최고 순위는?,4위,8위,16위,1,3,◇시사/상식◇,,,,,,,
제면기를 쓰지 않고 손으로 두드려 만든 면을 [ ]면이라고 한다.,수타,치명타,강타,1,2,◇시사/상식◇,,,,,,,
히말라야 14좌에 해당되는 것은?,노스페이스,K2,코오롱,2,2,◇시사/상식◇,,,,,,,
오늘 도쿄마츠리에서 준비한 육회 16개중 9개 빼고 다 팔았다. 남은 육회는 몇 개일까?,7개,8개,9개,3,3,◇시사/상식◇,,,,,,,
빌게이츠가 다시 대학으로 돌아갈 수 있다면 선택하겠다고 말한 세 가지 전공이 아닌 것은?,에너지,인공지능,한국무용,3,1,◇시사/상식◇,,,,,,,
다음 중 관찰 예능 프로그램이 아닌 것은?,PD수첩,나 혼자 산다,하트시그널,1,3,◇시사/상식◇,,,,,,,
"신조어 ""팬아저""의 올바른 뜻은?",저는 팬 아닙니다,팬이 아니어도 저장,아저씨 팬,2,3,◇시사/상식◇,,,,,,,
다음 중 초능력으로 분류되는 것이 아닌 것은?,염력,투시력,노오력,3,2,◇시사/상식◇,,,,,,,
세계 3대 축구리그 중 하나인 'EPL'의 로고에 그려진 동물은?,뱀,사자,독수리,2,3,◇시사/상식◇,,,,,,,
미국 빌보드가 뽑은 2004년에 콘서트로 가장 돈을 많이 번 아티스트는?,마돈나,맛없나,마딛나,1,1,◇시사/상식◇,,,,,,,
벚꽃의 영문명은?,cherry blossoms,cherries jubiles,but flowers,1,2,◇시사/상식◇,,,,,,,
다음 중 태양에서 가장 가까운 곳은?,대구,지구,수성,3,1,◇시사/상식◇,,,,,,,
맥주 '산 미구엘'은 어느나라 브랜드인가?,뉴질랜드,멕시코,필리핀,3,4,◇시사/상식◇,,,,,,,
보노보노는 어떤 동물일까?,해달,건달,수달,1,3,◇시사/상식◇,,,,,,,
우리집 강아지는 (  ) 강아지♬~ 동요 '강아지'의 가사말 중 괄호에 들어갈 노랫말이 아닌 것은?,복슬,예쁜,몹쓸,3,2,◇시사/상식◇,,,,,,,
신조어 '띵작'은 무엇을 뜻하는 말일까?,머리가 띵해지는 현상,뛰어난 작품,사랑하는 사람을 부르는 애칭,2,2,◇시사/상식◇,,,,,,,
공연이 끝난 후 관객이 환호와 박수를 보내 배우들을 다시 무대로 나오게 하는 것은?,러브콜,치맥콜,커튼콜,3,2,◇시사/상식◇,,,,,,,
"""법이 너를 살렸다"" 는 의미의 신조어는?",법블레스유,땡스법,블레싱로우,1,2,◇시사/상식◇,,,,,,,
도쿄마츠리에서 최대로 할인 받을 수 있는 금액은?,1000원,10000원,전액,3,1,◇시사/상식◇,,,,,,,
도쿄마츠리 와이파이(Wifi) 비밀번호는?,a11223355,1번이,비밀번호,1,2,◇시사/상식◇,,,,,,,
이승기의 명곡 '내 여자라니까'의 작곡가는?,이선희,싸이,방시혁,2,3,◇시사/상식◇,,,,,,,
도쿄마츠리의 '마츠리'는 무슨뜻일까?,이자카야,안주맛집,축제,3,1,◇시사/상식◇,,,,,,,
농업에 취업한다는 신조어는?,촛농,취농,유기농,2,1,◇시사/상식◇,,,,,,,
바게트의 어원은?,가면,몽둥이,늘씬하다,2,3,◇시사/상식◇,,,,,,,
"아이돌 그룹 <블랙핑크, 위키미키, 모모랜드> 멤버 수의 총 합은?",19명,20명,21명,3,5,◇시사/상식◇,,,,,,,
"""닭의 알""이라는 뜻에서 만들어진 순우리말 단어는?",달걀,계란,후라이,1,3,◇시사/상식◇,,,,,,,
슈퍼마리오의 마리오는 [  ](으)로 벽돌을 깬다,코,머리,주먹,3,4,◇시사/상식◇,,,,,,,
"""엄근진""에 포함되지 않는 말은?",엄격하다,근엄하다,진솔하다,3,2,◇시사/상식◇,,,,,,,
한국조폐공사에서 제작한 K팝스타 기념메달 1호 가수는?,EXO,H.O.T.,방탄소년단,1,3,◇시사/상식◇,,,,,,,
"""서울시 도봉구 쌍문동""을 배경으로 만들어진 작품이 아닌 것은?",아기공룡 둘리,고고70,응답하라 1988,2,3,◇시사/상식◇,,,,,,,
혼자 시간을 보내는 것을 즐기는 '나홀로 문화'와 거리가 먼 것은?,혼인,혼밥,혼술,1,2,◇시사/상식◇,,,,,,,
삐삐 세대들이 쓰던 '17171771'은 무슨 뜻일까?,사랑해,빨리 와,미안해,1,4,◇시사/상식◇,,,,,,,
다음 보기 중 가장 진한 연필심은?,HB,H,4B,3,4,◇시사/상식◇,,,,,,,
농구에서 주전선수를 제외한 벤치멤버 중 가장 기량이 뛰어난 선수를 일컫는 말은?,벤치맨,식스맨,히든맨,2,4,◇시사/상식◇,,,,,,,
다음 중 '최고 시청률'이 가장 높았던 드라마는?,KBS2 첫사랑,MBC 사랑이 뭐길래,SBS 모래시계,1,5,◇시사/상식◇,,,,,,,
가수 '이적'이 속하지 않은 그룹은?,긱스,패닉,토이,3,5,◇시사/상식◇,,,,,,,
"""자유의 여신상""이 위치한 도시는?",샌프란시스코,워싱턴 D.C.,뉴욕,3,3,◇시사/상식◇,,,,,,,
"""알레산드라""라고도 불리는 그리스 신화 속 공주의 이름은?",카산드라,누구더라,히드라,1,3,◇시사/상식◇,,,,,,,
"""갑자기 분위기가 싸해짐""을 줄여 이르는 신조어는?",갑분싸,인싸,아싸,1,2,◇시사/상식◇,,,,,,,
히말라야 산맥 고지의 설선 부근에 살고 있다는 전설적 인수는?,울라프,눈사람,설인,3,2,◇시사/상식◇,,,,,,,
다음 보기 중 개봉한 적이 없는 한국 영화는?,아저씨,아가씨,아주머니,3,4,◇시사/상식◇,,,,,,,
다음 보기에 있는 걸그룹 '트와이스' 외국인 멤버중 국적이 다른 한 명은?,모모,사나,쯔위,3,2,◇시사/상식◇,,,,,,,
일본의 대표 향신료 와사비는 껍질을 까면 무슨 색일까?,초록색,자주색,노란색,1,3,◇시사/상식◇,,,,,,,
젤라토는 어느 나라의 아이스크림일까?,터키,이탈리아,스페인,2,3,◇시사/상식◇,,,,,,,
[  ] 굽는 냄새에 집 나간 며느리도 돌아온다. 빈칸에 들어갈 단어는?,꽁치,노가리,전어,3,4,◇시사/상식◇,,,,,,,
심마니가 산삼을 발견했을 때 외치는 소리는?,개이득!,유레카!,심봤다!,3,1,◇시사/상식◇,,,,,,,
실제로 존재하지 않는 노래 제목은?,난리가 난리가 났네,레알 실화냐,인정 어 인정,2,4,◇시사/상식◇,,,,,,,
국내에서 가장 오래된 콘 아이스크림은?,부라보콘,월드콘,구구콘,1,5,◇시사/상식◇,,,,,,,
코카콜라의 북극곰이 처음 등장한 연도는?,1993년,2000년,2012년,1,5,◇시사/상식◇,,,,,,,
감자의 주 성분으로 흔히 녹말이라고도 부르는 이것은?,기분,정분,전분,3,3,◇시사/상식◇,,,,,,,
프로 축구에서 등 번호 1번은 보통 어떤 포지션의 선수가 사용하는가?,골키퍼,스타플레이어,공격수,1,2,◇시사/상식◇,,,,,,,
당대 최고의 스타들만 찍을 수 있었던 오란씨 CF의 1대 오란씨 걸은?,윤여정,고두심,김혜자,1,4,◇시사/상식◇,,,,,,,
체온이 가장 낮은 신체 부위는?,귀,코,손가락,1,4,◇시사/상식◇,,,,,,,
영화배우 최민식은 [   ] 감독의 러브콜에 한동안 잠수까지 탔다.,이경규,심형래,봉만대,1,5,◇시사/상식◇,,,,,,,
국내 최초로 시내버스를 운행한 지역은?,서울,대구,인천,2,4,◇시사/상식◇,,,,,,,
엘리베이터와 에스컬레이터를 각각 거꾸로 읽으면?,"터이베리얼, 터이레칼스에","터이베리엘, 터이레컬스에","터이베리엘, 터이레컬스엘",2,4,◇시사/상식◇,,,,,,,
도서관에서 할 수 있는 행동으로 바람직하지 않은 것은?,노래를 크게 틀고 춤추기,조용히 앉아서 책 읽기,빌렸던 책을 반납하기,1,1,◇시사/상식◇,,,,,,,
야구에서 ERA가 뜻하는 것은?,승률,피안타 개수,평균 자책점,3,3,◇시사/상식◇,,,,,,,
햄과 치즈를 넣어 만든 프랑스식 샌드위치 '크로크무슈'의 '무슈'는 무엇을 뜻할까?,바삭한,밀가루,아저씨 팬,3,3,◇시사/상식◇,,,,,,,
2000년대 유행했던 신조어 '완소'의 뜻은?,완전 소중,완전 소심,완전 소름,1,2,◇시사/상식◇,,,,,,,
치킨의 원조! 대구! 대구 치맥페스티벌이 열리는 달은 몇월일까?,5월,7월,9월,2,3,◇시사/상식◇,,,,,,,
"대구인들의 휴식처 야외음악당, 정확한 이름은 무엇일까?",노스페이스 야외음악당,코오롱 야외음악당,밀레 야외음악당,2,3,◇시사/상식◇,,,,,,,
대구 이월드에 있는 타워의 정확한 명칭은?,대구타워,83타워,두류타워,2,3,◇시사/상식◇,,,,,,,
"길을 가다보면 어느새 보이는 대구의 명물 '83타워'의 정확한 ""총높이""는? ",153m,202m,312m,2,4,◇시사/상식◇,,,,,,,
